{"cameraMode":{"drawMode":0,"name":"Shaded","section":"Shading Mode"},"sceneLighting":true,"audioPlay":false,"sceneViewState":{"m_AlwaysRefresh":false,"showFog":true,"showSkybox":true,"showFlares":true,"showImageEffects":true,"showParticleSystems":true,"showVisualEffectGraphs":true,"m_FxEnabled":true},"in2DMode":false,"pivot":{"x":-0.43084263801574709,"y":-10.511834144592286,"z":0.06390762329101563},"rotation":{"x":0.15060272812843324,"y":-0.8131644129753113,"z":0.5079085826873779,"w":0.2411622405052185},"size":12.118717193603516,"orthographic":false}